loc_id,iso3,name,last_census_year,band,source_name
4,AFG,Afghanistan,,none since 1985,Afghanistan
8,ALB,Albania,2023.0,within 5 years,Albania
12,DZA,Algeria,2022.0,within 5 years,Algeria
16,ASM,American Samoa,2020.0,within 5 years,American Samoa
20,AND,Andorra,2021.0,within 5 years,Andorra
24,AGO,Angola,2024.0,within 5 years,Angola
28,ATG,Antigua and Barbuda,2025.0,within 5 years,Antigua and Barbuda
31,AZE,Azerbaijan,2019.0,within 5 years,Azerbaijan
32,ARG,Argentina,2022.0,within 5 years,Argentina
36,AUS,Australia,2021.0,within 5 years,Australia
40,AUT,Austria,2021.0,within 5 years,Austria
44,BHS,Bahamas,2022.0,within 5 years,Bahamas
48,BHR,Bahrain,2020.0,within 5 years,Bahrain
50,BGD,Bangladesh,2022.0,within 5 years,Bangladesh
51,ARM,Armenia,2022.0,within 5 years,Armenia
52,BRB,Barbados,2021.0,within 5 years,Barbados
56,BEL,Belgium,2021.0,within 5 years,Belgium
60,BMU,Bermuda,2016.0,5 to 14 years,Bermuda
64,BTN,Bhutan,2017.0,5 to 14 years,Bhutan
68,BOL,Bolivia (Plurinational State of),2024.0,within 5 years,Bolivia
70,BIH,Bosnia and Herzegovina,2013.0,5 to 14 years,Bosnia and Herzegovina
72,BWA,Botswana,2022.0,within 5 years,Botswana
76,BRA,Brazil,2022.0,within 5 years,Brazil
84,BLZ,Belize,2022.0,within 5 years,Belize
90,SLB,Solomon Islands,2019.0,within 5 years,Solomon Islands
92,VGB,British Virgin Islands,2023.0,within 5 years,British Virgin Islands
96,BRN,Brunei Darussalam,2021.0,within 5 years,Brunei Darussalam
100,BGR,Bulgaria,2021.0,within 5 years,Bulgaria
104,MMR,Myanmar,2024.0,within 5 years,Myanmar
108,BDI,Burundi,2024.0,within 5 years,Burundi
112,BLR,Belarus,2019.0,within 5 years,Belarus
116,KHM,Cambodia,2019.0,within 5 years,Cambodia
120,CMR,Cameroon,2005.0,15 years or more,Cameroon
124,CAN,Canada,2021.0,within 5 years,Canada
132,CPV,Cabo Verde,2021.0,within 5 years,Cape Verde
136,CYM,Cayman Islands,2021.0,within 5 years,Cayman Islands
140,CAF,Central African Republic,2003.0,15 years or more,Central African Republic
144,LKA,Sri Lanka,2024.0,within 5 years,Sri Lanka
148,TCD,Chad,2009.0,15 years or more,Chad
152,CHL,Chile,2024.0,within 5 years,Chile
156,CHN,China,2020.0,within 5 years,China
158,TWN,"China, Taiwan Province of China",,not listed,"not listed by UNSD, which carries China, Hong Kong SAR and Macao SAR but no Taiwan row. Taiwan does run a census; the omission is political, not evidential, and scoring it as unmeasured would be wrong"
170,COL,Colombia,2018.0,5 to 14 years,Colombia
174,COM,Comoros,2017.0,5 to 14 years,Comoros
175,MYT,Mayotte,2017.0,5 to 14 years,Mayotte
178,COG,Congo,2023.0,within 5 years,Congo
180,COD,Democratic Republic of the Congo,,none since 1985,Democratic Republic of the Congo
184,COK,Cook Islands,2021.0,within 5 years,Cook Islands
188,CRI,Costa Rica,2022.0,within 5 years,Costa Rica
191,HRV,Croatia,2021.0,within 5 years,Croatia
192,CUB,Cuba,2012.0,5 to 14 years,Cuba
196,CYP,Cyprus,2021.0,within 5 years,Cyprus
203,CZE,Czechia,2021.0,within 5 years,Czechia
204,BEN,Benin,2013.0,5 to 14 years,Benin
208,DNK,Denmark,2021.0,within 5 years,Denmark
212,DMA,Dominica,2022.0,within 5 years,Dominica
214,DOM,Dominican Republic,2022.0,within 5 years,Dominican Republic
218,ECU,Ecuador,2022.0,within 5 years,Ecuador
222,SLV,El Salvador,2024.0,within 5 years,El Salvador
226,GNQ,Equatorial Guinea,2015.0,5 to 14 years,Equatorial Guinea
231,ETH,Ethiopia,2007.0,15 years or more,Ethiopia
232,ERI,Eritrea,,none since 1985,Eritrea
233,EST,Estonia,2021.0,within 5 years,Estonia
234,FRO,Faroe Islands,2021.0,within 5 years,Faroe Islands
238,FLK,Falkland Islands (Malvinas),2021.0,within 5 years,Falkland Islands (Malvinas)
242,FJI,Fiji,2017.0,5 to 14 years,Fiji
246,FIN,Finland,2021.0,within 5 years,Finland
250,FRA,France,2016.0,5 to 14 years,France
254,GUF,French Guiana,2016.0,5 to 14 years,French Guiana
258,PYF,French Polynesia,2017.0,5 to 14 years,French Polynesia
262,DJI,Djibouti,2024.0,within 5 years,Djibouti
266,GAB,Gabon,2013.0,5 to 14 years,Gabon
268,GEO,Georgia,2024.0,within 5 years,Georgia
270,GMB,Gambia,2024.0,within 5 years,Gambia
275,PSE,State of Palestine,2017.0,5 to 14 years,"Palestine, State of"
276,DEU,Germany,2022.0,within 5 years,Germany
288,GHA,Ghana,2021.0,within 5 years,Ghana
292,GIB,Gibraltar,2022.0,within 5 years,Gibraltar
296,KIR,Kiribati,2020.0,within 5 years,Kiribati
300,GRC,Greece,2021.0,within 5 years,Greece
304,GRL,Greenland,2021.0,within 5 years,Greenland
308,GRD,Grenada,2021.0,within 5 years,Grenada
312,GLP,Guadeloupe,2016.0,5 to 14 years,Guadeloupe
316,GUM,Guam,2020.0,within 5 years,Guam
320,GTM,Guatemala,2018.0,5 to 14 years,Guatemala
324,GIN,Guinea,2025.0,within 5 years,Guinea
328,GUY,Guyana,2022.0,within 5 years,Guyana
332,HTI,Haiti,2003.0,15 years or more,Haiti
336,VAT,Holy See,2021.0,within 5 years,Holy See
340,HND,Honduras,2013.0,5 to 14 years,Honduras
344,HKG,"China, Hong Kong SAR",2021.0,within 5 years,China - Hong Kong SAR
348,HUN,Hungary,2022.0,within 5 years,Hungary
352,ISL,Iceland,2021.0,within 5 years,Iceland
356,IND,India,2011.0,5 to 14 years,India
360,IDN,Indonesia,2020.0,within 5 years,Indonesia
364,IRN,Iran (Islamic Republic of),2016.0,5 to 14 years,"Iran, Islamic Republic of"
368,IRQ,Iraq,2024.0,within 5 years,Iraq
372,IRL,Ireland,2022.0,within 5 years,Ireland
376,ISR,Israel,2022.0,within 5 years,Israel
380,ITA,Italy,2021.0,within 5 years,Italy
384,CIV,Côte d'Ivoire,2021.0,within 5 years,Côte d'Ivoire
388,JAM,Jamaica,2022.0,within 5 years,Jamaica
392,JPN,Japan,2020.0,within 5 years,Japan
398,KAZ,Kazakhstan,2021.0,within 5 years,Kazakhstan
400,JOR,Jordan,2015.0,5 to 14 years,Jordan
404,KEN,Kenya,2019.0,within 5 years,Kenya
408,PRK,Dem. People's Republic of Korea,2019.0,within 5 years,"Korea, Democratic People's Republic of"
410,KOR,Republic of Korea,2020.0,within 5 years,"Korea, Republic of"
412,XKX,Kosovo (under UNSC res. 1244),,not listed,"not a UN member, so UNSD does not carry it in the census-round table"
414,KWT,Kuwait,2021.0,within 5 years,Kuwait
417,KGZ,Kyrgyzstan,2022.0,within 5 years,Kyrgyzstan
418,LAO,Lao People's Democratic Republic,2015.0,5 to 14 years,Lao People's Democratic Republic
422,LBN,Lebanon,,none since 1985,Lebanon
426,LSO,Lesotho,2016.0,5 to 14 years,Lesotho
428,LVA,Latvia,2021.0,within 5 years,Latvia
430,LBR,Liberia,2022.0,within 5 years,Liberia
434,LBY,Libya,2006.0,15 years or more,Libya Arab Jamahiriya
438,LIE,Liechtenstein,2021.0,within 5 years,Liechtenstein
440,LTU,Lithuania,2021.0,within 5 years,Lithuania
442,LUX,Luxembourg,2021.0,within 5 years,Luxembourg
446,MAC,"China, Macao SAR",2021.0,within 5 years,China - Macao SAR
450,MDG,Madagascar,2018.0,5 to 14 years,Madagascar
454,MWI,Malawi,2018.0,5 to 14 years,Malawi
458,MYS,Malaysia,2020.0,within 5 years,Malaysia
462,MDV,Maldives,2022.0,within 5 years,Maldives
466,MLI,Mali,2022.0,within 5 years,Mali
470,MLT,Malta,2021.0,within 5 years,Malta
474,MTQ,Martinique,2025.0,within 5 years,Martinique
478,MRT,Mauritania,2024.0,within 5 years,Mauritania
480,MUS,Mauritius,2022.0,within 5 years,Mauritius
484,MEX,Mexico,2020.0,within 5 years,Mexico
492,MCO,Monaco,2016.0,5 to 14 years,Monaco
496,MNG,Mongolia,2020.0,within 5 years,Mongolia
498,MDA,Republic of Moldova,2024.0,within 5 years,Republic of Moldova
499,MNE,Montenegro,2023.0,within 5 years,Montenegro
500,MSR,Montserrat,2023.0,within 5 years,Montserrat
504,MAR,Morocco,2024.0,within 5 years,Morocco
508,MOZ,Mozambique,2017.0,5 to 14 years,Mozambique
512,OMN,Oman,2020.0,within 5 years,Oman
516,NAM,Namibia,2023.0,within 5 years,Namibia
520,NRU,Nauru,2021.0,within 5 years,Nauru
524,NPL,Nepal,2021.0,within 5 years,Nepal
528,NLD,Netherlands,2021.0,within 5 years,Netherlands
531,CUW,Curaçao,2023.0,within 5 years,Curaçao
533,ABW,Aruba,2020.0,within 5 years,Aruba
534,SXM,Sint Maarten (Dutch part),2022.0,within 5 years,Sint Maarten
535,BES,"Bonaire, Sint Eustatius and Saba",2021.0,within 5 years,"Bonaire, Sint Eustatius and Saba"
540,NCL,New Caledonia,2025.0,within 5 years,New Caledonia
548,VUT,Vanuatu,2020.0,within 5 years,Vanuatu
554,NZL,New Zealand,2023.0,within 5 years,New Zealand
558,NIC,Nicaragua,2024.0,within 5 years,Nicaragua
562,NER,Niger,2012.0,5 to 14 years,Niger
566,NGA,Nigeria,2006.0,15 years or more,Nigeria
570,NIU,Niue,2022.0,within 5 years,Niue
578,NOR,Norway,2021.0,within 5 years,Norway
580,MNP,Northern Mariana Islands,2020.0,within 5 years,Northern Mariana Islands
583,FSM,Micronesia (Fed. States of),2023.0,within 5 years,"Micronesia, Federated States of"
584,MHL,Marshall Islands,2021.0,within 5 years,Marshall Islands
585,PLW,Palau,2020.0,within 5 years,Palau
586,PAK,Pakistan,2023.0,within 5 years,Pakistan
591,PAN,Panama,2023.0,within 5 years,Panama
598,PNG,Papua New Guinea,2024.0,within 5 years,Papua New Guinea
600,PRY,Paraguay,2022.0,within 5 years,Paraguay
604,PER,Peru,2025.0,within 5 years,Peru
608,PHL,Philippines,2020.0,within 5 years,Philippines
616,POL,Poland,2021.0,within 5 years,Poland
620,PRT,Portugal,2021.0,within 5 years,Portugal
624,GNB,Guinea-Bissau,2009.0,15 years or more,Guinea Bissau
626,TLS,Timor-Leste,2022.0,within 5 years,Timor-Leste
630,PRI,Puerto Rico,2020.0,within 5 years,Puerto Rico
634,QAT,Qatar,2020.0,within 5 years,Qatar
638,REU,Réunion,2026.0,within 5 years,Réunion
642,ROU,Romania,2021.0,within 5 years,Romania
643,RUS,Russian Federation,2021.0,within 5 years,Russian Federation
646,RWA,Rwanda,2022.0,within 5 years,Rwanda
652,BLM,Saint Barthélemy,2025.0,within 5 years,Saint-Barthélemy
654,SHN,Saint Helena,2021.0,within 5 years,Saint Helena ex. dep.
659,KNA,Saint Kitts and Nevis,2022.0,within 5 years,St. Kitts and Nevis
660,AIA,Anguilla,2022.0,within 5 years,Anguilla
662,LCA,Saint Lucia,2022.0,within 5 years,St. Lucia
663,MAF,Saint Martin (French part),2025.0,within 5 years,Saint-Martin
666,SPM,Saint Pierre and Miquelon,2015.0,5 to 14 years,St. Pierre and Miquelon
670,VCT,Saint Vincent and the Grenadines,2023.0,within 5 years,St. Vincent and the Grenadines
674,SMR,San Marino,2021.0,within 5 years,San Marino
678,STP,Sao Tome and Principe,2024.0,within 5 years,Sao Tomé and Principé
682,SAU,Saudi Arabia,2022.0,within 5 years,Saudi Arabia
686,SEN,Senegal,2023.0,within 5 years,Senegal
688,SRB,Serbia,2022.0,within 5 years,Serbia
690,SYC,Seychelles,2022.0,within 5 years,Seychelles
694,SLE,Sierra Leone,2020.0,within 5 years,Sierra Leone
702,SGP,Singapore,2020.0,within 5 years,Singapore
703,SVK,Slovakia,2021.0,within 5 years,Slovakia
704,VNM,Viet Nam,2019.0,within 5 years,Viet Nam
705,SVN,Slovenia,2021.0,within 5 years,Slovenia
706,SOM,Somalia,1987.0,15 years or more,Somalia
710,ZAF,South Africa,2022.0,within 5 years,South Africa
716,ZWE,Zimbabwe,2022.0,within 5 years,Zimbabwe
724,ESP,Spain,2021.0,within 5 years,Spain
728,SSD,South Sudan,2008.0,15 years or more,South Sudan
729,SDN,Sudan,2008.0,15 years or more,Sudan
732,ESH,Western Sahara,,none since 1985,Western Sahara
740,SUR,Suriname,2024.0,within 5 years,Suriname
748,SWZ,Eswatini,2017.0,5 to 14 years,Eswatini
752,SWE,Sweden,2021.0,within 5 years,Sweden
756,CHE,Switzerland,2021.0,within 5 years,Switzerland
760,SYR,Syrian Arab Republic,2004.0,15 years or more,Syrian Arab Republic
762,TJK,Tajikistan,2020.0,within 5 years,Tajikistan
764,THA,Thailand,2010.0,5 to 14 years,Thailand
768,TGO,Togo,2022.0,within 5 years,Togo
772,TKL,Tokelau,2022.0,within 5 years,Tokelau
776,TON,Tonga,2021.0,within 5 years,Tonga
780,TTO,Trinidad and Tobago,2011.0,5 to 14 years,Trinidad and Tobago
784,ARE,United Arab Emirates,2023.0,within 5 years,United Arab Emirates
788,TUN,Tunisia,2024.0,within 5 years,Tunisia
792,TUR,Türkiye,2021.0,within 5 years,Turkey
795,TKM,Turkmenistan,2022.0,within 5 years,Turkmenistan
796,TCA,Turks and Caicos Islands,2023.0,within 5 years,Turks and Caicos Islands
798,TUV,Tuvalu,2022.0,within 5 years,Tuvalu
800,UGA,Uganda,2024.0,within 5 years,Uganda
804,UKR,Ukraine,2001.0,15 years or more,Ukraine
807,MKD,North Macedonia,2021.0,within 5 years,North Macedonia
818,EGY,Egypt,2017.0,5 to 14 years,Egypt
826,GBR,United Kingdom,2021.0,within 5 years,United Kingdom
831,GGY,Guernsey,2015.0,5 to 14 years,Guernsey
832,JEY,Jersey,2021.0,within 5 years,Jersey
833,IMN,Isle of Man,2021.0,within 5 years,Isle of Man
834,TZA,United Republic of Tanzania,2022.0,within 5 years,United Republic of Tanzania
840,USA,United States of America,2020.0,within 5 years,United States of America
850,VIR,United States Virgin Islands,2020.0,within 5 years,United States Virgin Islands
854,BFA,Burkina Faso,2019.0,within 5 years,Burkina Faso
858,URY,Uruguay,2023.0,within 5 years,Uruguay
860,UZB,Uzbekistan,2026.0,within 5 years,Uzbekistan
862,VEN,Venezuela (Bolivarian Republic of),2021.0,within 5 years,Venezuela
876,WLF,Wallis and Futuna Islands,2023.0,within 5 years,Wallis and Futuna Islands
882,WSM,Samoa,2021.0,within 5 years,Samoa
887,YEM,Yemen,2004.0,15 years or more,Yemen
894,ZMB,Zambia,2022.0,within 5 years,Zambia
