loc_id,iso3,name,has_shape,match,reason,n_shapes,point_lat,point_lon
4,AFG,Afghanistan,True,matched,"UN M49 code, base layer",1,,
8,ALB,Albania,True,matched,"UN M49 code, base layer",1,,
12,DZA,Algeria,True,matched,"UN M49 code, base layer",1,,
16,ASM,American Samoa,True,matched,"UN M49 code, base layer",1,,
20,AND,Andorra,True,matched,"UN M49 code, base layer",1,,
24,AGO,Angola,True,matched,"UN M49 code, base layer",1,,
28,ATG,Antigua and Barbuda,True,matched,"UN M49 code, base layer",1,,
31,AZE,Azerbaijan,True,matched,"UN M49 code, base layer",1,,
32,ARG,Argentina,True,matched,"UN M49 code, base layer",1,,
36,AUS,Australia,True,matched,"UN M49 code, base layer",3,,
40,AUT,Austria,True,matched,"UN M49 code, base layer",1,,
44,BHS,Bahamas,True,matched,"UN M49 code, base layer",1,,
48,BHR,Bahrain,True,matched,"UN M49 code, base layer",1,,
50,BGD,Bangladesh,True,matched,"UN M49 code, base layer",1,,
51,ARM,Armenia,True,matched,"UN M49 code, base layer",1,,
52,BRB,Barbados,True,matched,"UN M49 code, base layer",1,,
56,BEL,Belgium,True,matched,"UN M49 code, base layer",1,,
60,BMU,Bermuda,True,matched,"UN M49 code, base layer",1,,
64,BTN,Bhutan,True,matched,"UN M49 code, base layer",1,,
68,BOL,Bolivia (Plurinational State of),True,matched,"UN M49 code, base layer",1,,
70,BIH,Bosnia and Herzegovina,True,matched,"UN M49 code, base layer",1,,
72,BWA,Botswana,True,matched,"UN M49 code, base layer",1,,
76,BRA,Brazil,True,matched,"UN M49 code, base layer",1,,
84,BLZ,Belize,True,matched,"UN M49 code, base layer",1,,
90,SLB,Solomon Islands,True,matched,"UN M49 code, base layer",1,,
92,VGB,British Virgin Islands,True,matched,"UN M49 code, base layer",1,,
96,BRN,Brunei Darussalam,True,matched,"UN M49 code, base layer",1,,
100,BGR,Bulgaria,True,matched,"UN M49 code, base layer",1,,
104,MMR,Myanmar,True,matched,"UN M49 code, base layer",1,,
108,BDI,Burundi,True,matched,"UN M49 code, base layer",1,,
112,BLR,Belarus,True,matched,"UN M49 code, base layer",1,,
116,KHM,Cambodia,True,matched,"UN M49 code, base layer",1,,
120,CMR,Cameroon,True,matched,"UN M49 code, base layer",1,,
124,CAN,Canada,True,matched,"UN M49 code, base layer",1,,
132,CPV,Cabo Verde,True,matched,"UN M49 code, base layer",1,,
136,CYM,Cayman Islands,True,matched,"UN M49 code, base layer",1,,
140,CAF,Central African Republic,True,matched,"UN M49 code, base layer",1,,
144,LKA,Sri Lanka,True,matched,"UN M49 code, base layer",1,,
148,TCD,Chad,True,matched,"UN M49 code, base layer",1,,
152,CHL,Chile,True,matched,"UN M49 code, base layer",1,,
156,CHN,China,True,matched,"UN M49 code, base layer",1,,
158,TWN,"China, Taiwan Province of China",True,matched,"UN M49 code, base layer",1,,
170,COL,Colombia,True,matched,"UN M49 code, base layer",1,,
174,COM,Comoros,True,matched,"UN M49 code, base layer",1,,
175,MYT,Mayotte,True,matched,"Mayotte - French overseas department, drawn inside France in the base layer",1,,
178,COG,Congo,True,matched,"UN M49 code, base layer",1,,
180,COD,Democratic Republic of the Congo,True,matched,"UN M49 code, base layer",1,,
184,COK,Cook Islands,True,matched,"UN M49 code, base layer",1,,
188,CRI,Costa Rica,True,matched,"UN M49 code, base layer",1,,
191,HRV,Croatia,True,matched,"UN M49 code, base layer",1,,
192,CUB,Cuba,True,matched,"UN M49 code, base layer",1,,
196,CYP,Cyprus,True,matched,"UN M49 code, base layer",1,,
203,CZE,Czechia,True,matched,"UN M49 code, base layer",1,,
204,BEN,Benin,True,matched,"UN M49 code, base layer",1,,
208,DNK,Denmark,True,matched,"UN M49 code, base layer",1,,
212,DMA,Dominica,True,matched,"UN M49 code, base layer",1,,
214,DOM,Dominican Republic,True,matched,"UN M49 code, base layer",1,,
218,ECU,Ecuador,True,matched,"UN M49 code, base layer",1,,
222,SLV,El Salvador,True,matched,"UN M49 code, base layer",1,,
226,GNQ,Equatorial Guinea,True,matched,"UN M49 code, base layer",1,,
231,ETH,Ethiopia,True,matched,"UN M49 code, base layer",1,,
232,ERI,Eritrea,True,matched,"UN M49 code, base layer",1,,
233,EST,Estonia,True,matched,"UN M49 code, base layer",1,,
234,FRO,Faroe Islands,True,matched,"UN M49 code, base layer",1,,
238,FLK,Falkland Islands (Malvinas),True,matched,"UN M49 code, base layer",1,,
242,FJI,Fiji,True,matched,"UN M49 code, base layer",1,,
246,FIN,Finland,True,matched,"UN M49 code, base layer",1,,
250,FRA,France,True,matched,"UN M49 code, base layer",1,,
254,GUF,French Guiana,True,matched,French Guiana - French overseas department,1,,
258,PYF,French Polynesia,True,matched,"UN M49 code, base layer",1,,
262,DJI,Djibouti,True,matched,"UN M49 code, base layer",1,,
266,GAB,Gabon,True,matched,"UN M49 code, base layer",1,,
268,GEO,Georgia,True,matched,"UN M49 code, base layer",1,,
270,GMB,Gambia,True,matched,"UN M49 code, base layer",1,,
275,PSE,State of Palestine,True,matched,"UN M49 code, base layer",1,,
276,DEU,Germany,True,matched,"UN M49 code, base layer",1,,
288,GHA,Ghana,True,matched,"UN M49 code, base layer",1,,
292,GIB,Gibraltar,False,point_only,"6.8 sq km, below the resolution of the 50m data",0,36.14,-5.35
296,KIR,Kiribati,True,matched,"UN M49 code, base layer",1,,
300,GRC,Greece,True,matched,"UN M49 code, base layer",1,,
304,GRL,Greenland,True,matched,"UN M49 code, base layer",1,,
308,GRD,Grenada,True,matched,"UN M49 code, base layer",1,,
312,GLP,Guadeloupe,True,matched,Guadeloupe - French overseas department,1,,
316,GUM,Guam,True,matched,"UN M49 code, base layer",1,,
320,GTM,Guatemala,True,matched,"UN M49 code, base layer",1,,
324,GIN,Guinea,True,matched,"UN M49 code, base layer",1,,
328,GUY,Guyana,True,matched,"UN M49 code, base layer",1,,
332,HTI,Haiti,True,matched,"UN M49 code, base layer",1,,
336,VAT,Holy See,True,matched,"UN M49 code, base layer",1,,
340,HND,Honduras,True,matched,"UN M49 code, base layer",1,,
344,HKG,"China, Hong Kong SAR",True,matched,"UN M49 code, base layer",1,,
348,HUN,Hungary,True,matched,"UN M49 code, base layer",1,,
352,ISL,Iceland,True,matched,"UN M49 code, base layer",1,,
356,IND,India,True,matched,"UN M49 code, base layer",1,,
360,IDN,Indonesia,True,matched,"UN M49 code, base layer",1,,
364,IRN,Iran (Islamic Republic of),True,matched,"UN M49 code, base layer",1,,
368,IRQ,Iraq,True,matched,"UN M49 code, base layer",1,,
372,IRL,Ireland,True,matched,"UN M49 code, base layer",1,,
376,ISR,Israel,True,matched,"UN M49 code, base layer",1,,
380,ITA,Italy,True,matched,"UN M49 code, base layer",1,,
384,CIV,Côte d'Ivoire,True,matched,"UN M49 code, base layer",1,,
388,JAM,Jamaica,True,matched,"UN M49 code, base layer",1,,
392,JPN,Japan,True,matched,"UN M49 code, base layer",1,,
398,KAZ,Kazakhstan,True,matched,"UN M49 code, base layer",1,,
400,JOR,Jordan,True,matched,"UN M49 code, base layer",1,,
404,KEN,Kenya,True,matched,"UN M49 code, base layer",1,,
408,PRK,Dem. People's Republic of Korea,True,matched,"UN M49 code, base layer",1,,
410,KOR,Republic of Korea,True,matched,"UN M49 code, base layer",1,,
412,XKX,Kosovo (under UNSC res. 1244),True,matched_by_name,"not a UN member, so Natural Earth records no M49 code",1,,
414,KWT,Kuwait,True,matched,"UN M49 code, base layer",1,,
417,KGZ,Kyrgyzstan,True,matched,"UN M49 code, base layer",1,,
418,LAO,Lao People's Democratic Republic,True,matched,"UN M49 code, base layer",1,,
422,LBN,Lebanon,True,matched,"UN M49 code, base layer",1,,
426,LSO,Lesotho,True,matched,"UN M49 code, base layer",1,,
428,LVA,Latvia,True,matched,"UN M49 code, base layer",1,,
430,LBR,Liberia,True,matched,"UN M49 code, base layer",1,,
434,LBY,Libya,True,matched,"UN M49 code, base layer",1,,
438,LIE,Liechtenstein,True,matched,"UN M49 code, base layer",1,,
440,LTU,Lithuania,True,matched,"UN M49 code, base layer",1,,
442,LUX,Luxembourg,True,matched,"UN M49 code, base layer",1,,
446,MAC,"China, Macao SAR",True,matched,"UN M49 code, base layer",1,,
450,MDG,Madagascar,True,matched,"UN M49 code, base layer",1,,
454,MWI,Malawi,True,matched,"UN M49 code, base layer",1,,
458,MYS,Malaysia,True,matched,"UN M49 code, base layer",1,,
462,MDV,Maldives,True,matched,"UN M49 code, base layer",1,,
466,MLI,Mali,True,matched,"UN M49 code, base layer",1,,
470,MLT,Malta,True,matched,"UN M49 code, base layer",1,,
474,MTQ,Martinique,True,matched,Martinique - French overseas department,1,,
478,MRT,Mauritania,True,matched,"UN M49 code, base layer",1,,
480,MUS,Mauritius,True,matched,"UN M49 code, base layer",1,,
484,MEX,Mexico,True,matched,"UN M49 code, base layer",1,,
492,MCO,Monaco,True,matched,"UN M49 code, base layer",1,,
496,MNG,Mongolia,True,matched,"UN M49 code, base layer",1,,
498,MDA,Republic of Moldova,True,matched,"UN M49 code, base layer",1,,
499,MNE,Montenegro,True,matched,"UN M49 code, base layer",1,,
500,MSR,Montserrat,True,matched,"UN M49 code, base layer",1,,
504,MAR,Morocco,True,matched,"UN M49 code, base layer",1,,
508,MOZ,Mozambique,True,matched,"UN M49 code, base layer",1,,
512,OMN,Oman,True,matched,"UN M49 code, base layer",1,,
516,NAM,Namibia,True,matched,"UN M49 code, base layer",1,,
520,NRU,Nauru,True,matched,"UN M49 code, base layer",1,,
524,NPL,Nepal,True,matched,"UN M49 code, base layer",1,,
528,NLD,Netherlands,True,matched,"UN M49 code, base layer",1,,
531,CUW,Curaçao,True,matched,"UN M49 code, base layer",1,,
533,ABW,Aruba,True,matched,"UN M49 code, base layer",1,,
534,SXM,Sint Maarten (Dutch part),True,matched,"UN M49 code, base layer",1,,
535,BES,"Bonaire, Sint Eustatius and Saba",True,matched,"Bonaire, Sint Eustatius and Saba - Caribbean Netherlands",1,,
540,NCL,New Caledonia,True,matched,"UN M49 code, base layer",1,,
548,VUT,Vanuatu,True,matched,"UN M49 code, base layer",1,,
554,NZL,New Zealand,True,matched,"UN M49 code, base layer",1,,
558,NIC,Nicaragua,True,matched,"UN M49 code, base layer",1,,
562,NER,Niger,True,matched,"UN M49 code, base layer",1,,
566,NGA,Nigeria,True,matched,"UN M49 code, base layer",1,,
570,NIU,Niue,True,matched,"UN M49 code, base layer",1,,
578,NOR,Norway,True,matched,"UN M49 code, base layer",1,,
580,MNP,Northern Mariana Islands,True,matched,"UN M49 code, base layer",1,,
583,FSM,Micronesia (Fed. States of),True,matched,"UN M49 code, base layer",1,,
584,MHL,Marshall Islands,True,matched,"UN M49 code, base layer",1,,
585,PLW,Palau,True,matched,"UN M49 code, base layer",1,,
586,PAK,Pakistan,True,matched,"UN M49 code, base layer",1,,
591,PAN,Panama,True,matched,"UN M49 code, base layer",1,,
598,PNG,Papua New Guinea,True,matched,"UN M49 code, base layer",1,,
600,PRY,Paraguay,True,matched,"UN M49 code, base layer",1,,
604,PER,Peru,True,matched,"UN M49 code, base layer",1,,
608,PHL,Philippines,True,matched,"UN M49 code, base layer",1,,
616,POL,Poland,True,matched,"UN M49 code, base layer",1,,
620,PRT,Portugal,True,matched,"UN M49 code, base layer",1,,
624,GNB,Guinea-Bissau,True,matched,"UN M49 code, base layer",1,,
626,TLS,Timor-Leste,True,matched,"UN M49 code, base layer",1,,
630,PRI,Puerto Rico,True,matched,"UN M49 code, base layer",1,,
634,QAT,Qatar,True,matched,"UN M49 code, base layer",1,,
638,REU,Réunion,True,matched,Reunion - French overseas department,1,,
642,ROU,Romania,True,matched,"UN M49 code, base layer",1,,
643,RUS,Russian Federation,True,matched,"UN M49 code, base layer",1,,
646,RWA,Rwanda,True,matched,"UN M49 code, base layer",1,,
652,BLM,Saint Barthélemy,True,matched,"UN M49 code, base layer",1,,
654,SHN,Saint Helena,True,matched,"UN M49 code, base layer",1,,
659,KNA,Saint Kitts and Nevis,True,matched,"UN M49 code, base layer",1,,
660,AIA,Anguilla,True,matched,"UN M49 code, base layer",1,,
662,LCA,Saint Lucia,True,matched,"UN M49 code, base layer",1,,
663,MAF,Saint Martin (French part),True,matched,"UN M49 code, base layer",1,,
666,SPM,Saint Pierre and Miquelon,True,matched,"UN M49 code, base layer",1,,
670,VCT,Saint Vincent and the Grenadines,True,matched,"UN M49 code, base layer",1,,
674,SMR,San Marino,True,matched,"UN M49 code, base layer",1,,
678,STP,Sao Tome and Principe,True,matched,"UN M49 code, base layer",1,,
682,SAU,Saudi Arabia,True,matched,"UN M49 code, base layer",1,,
686,SEN,Senegal,True,matched,"UN M49 code, base layer",1,,
688,SRB,Serbia,True,matched,"UN M49 code, base layer",1,,
690,SYC,Seychelles,True,matched,"UN M49 code, base layer",1,,
694,SLE,Sierra Leone,True,matched,"UN M49 code, base layer",1,,
702,SGP,Singapore,True,matched,"UN M49 code, base layer",1,,
703,SVK,Slovakia,True,matched,"UN M49 code, base layer",1,,
704,VNM,Viet Nam,True,matched,"UN M49 code, base layer",1,,
705,SVN,Slovenia,True,matched,"UN M49 code, base layer",1,,
706,SOM,Somalia,True,matched,"UN M49 code, base layer",1,,
710,ZAF,South Africa,True,matched,"UN M49 code, base layer",1,,
716,ZWE,Zimbabwe,True,matched,"UN M49 code, base layer",1,,
724,ESP,Spain,True,matched,"UN M49 code, base layer",1,,
728,SSD,South Sudan,True,matched,"UN M49 code, base layer",1,,
729,SDN,Sudan,True,matched,"UN M49 code, base layer",1,,
732,ESH,Western Sahara,True,matched,"UN M49 code, base layer",1,,
740,SUR,Suriname,True,matched,"UN M49 code, base layer",1,,
748,SWZ,Eswatini,True,matched,"UN M49 code, base layer",1,,
752,SWE,Sweden,True,matched,"UN M49 code, base layer",1,,
756,CHE,Switzerland,True,matched,"UN M49 code, base layer",1,,
760,SYR,Syrian Arab Republic,True,matched,"UN M49 code, base layer",1,,
762,TJK,Tajikistan,True,matched,"UN M49 code, base layer",1,,
764,THA,Thailand,True,matched,"UN M49 code, base layer",1,,
768,TGO,Togo,True,matched,"UN M49 code, base layer",1,,
772,TKL,Tokelau,True,matched,"Tokelau - New Zealand territory, folded into New Zealand in the base layer",1,,
776,TON,Tonga,True,matched,"UN M49 code, base layer",1,,
780,TTO,Trinidad and Tobago,True,matched,"UN M49 code, base layer",1,,
784,ARE,United Arab Emirates,True,matched,"UN M49 code, base layer",1,,
788,TUN,Tunisia,True,matched,"UN M49 code, base layer",1,,
792,TUR,Türkiye,True,matched,"UN M49 code, base layer",1,,
795,TKM,Turkmenistan,True,matched,"UN M49 code, base layer",1,,
796,TCA,Turks and Caicos Islands,True,matched,"UN M49 code, base layer",1,,
798,TUV,Tuvalu,True,matched,"UN M49 code, base layer",1,,
800,UGA,Uganda,True,matched,"UN M49 code, base layer",1,,
804,UKR,Ukraine,True,matched,"UN M49 code, base layer",1,,
807,MKD,North Macedonia,True,matched,"UN M49 code, base layer",1,,
818,EGY,Egypt,True,matched,"UN M49 code, base layer",1,,
826,GBR,United Kingdom,True,matched,"UN M49 code, base layer",1,,
831,GGY,Guernsey,True,matched,"UN M49 code, base layer",1,,
832,JEY,Jersey,True,matched,"UN M49 code, base layer",1,,
833,IMN,Isle of Man,True,matched,"UN M49 code, base layer",1,,
834,TZA,United Republic of Tanzania,True,matched,"UN M49 code, base layer",1,,
840,USA,United States of America,True,matched,"UN M49 code, base layer",1,,
850,VIR,United States Virgin Islands,True,matched,"UN M49 code, base layer",1,,
854,BFA,Burkina Faso,True,matched,"UN M49 code, base layer",1,,
858,URY,Uruguay,True,matched,"UN M49 code, base layer",1,,
860,UZB,Uzbekistan,True,matched,"UN M49 code, base layer",1,,
862,VEN,Venezuela (Bolivarian Republic of),True,matched,"UN M49 code, base layer",1,,
876,WLF,Wallis and Futuna Islands,True,matched,"UN M49 code, base layer",1,,
882,WSM,Samoa,True,matched,"UN M49 code, base layer",1,,
887,YEM,Yemen,True,matched,"UN M49 code, base layer",1,,
894,ZMB,Zambia,True,matched,"UN M49 code, base layer",1,,
