key,country,data_source,observation_year,cohort_from,cohort_to,women,mean_children,variance_geometric,cv_minimum_tail,cv_geometric,cv_bounded_max_tail,open_parity,open_share,open_mean,unknown_share_reported,poisson_cv,excess_variance,excess_cv_if_poisson
albania_2011,Albania,Census 2011,2011,1952,1961,179810,3.1916317280049933,3.227642863630239,0.5601139460989848,0.5628983341761359,0.6144441423379013,8,0.027608920865293856,8.75950422712246,0.0,0.5597493695838849,0.036011135625245494,0.05945736177053443
argentina_2001,Argentina,Census 2001,2001,1942,1951,1740560,2.9737728087512063,5.034651056416227,0.7404304522912748,0.7545306772562418,0.9007857457983464,8,0.048708461644528196,9.578674215616891,0.0,0.5798906508011581,2.0608782476650203,0.4827456639206325
austria_2001,Austria,Census 2001,2001,1942,1951,484936,2.008580513717274,1.8617370054655105,0.6781193386986828,0.6793129918734453,0.696391082931341,8,0.0032684725407064025,9.0,0.0,0.7055948096517042,-0.1468435082517634,0.0
belarus_2009,Belarus,Census 2009,2009,1950,1959,558697,1.7626638410444302,0.6614221446003974,0.46132430431769555,0.4613917980443412,0.46192519003077726,12,3.400770005924499e-05,13.947368421052632,0.03563858432986274,0.753208569038168,-1.1012416964440328,0.0
belgium_2001,Belgium,Census 2001,2001,1942,1951,621371,1.921027856143914,1.8317522992364275,0.7045303559678232,0.7045303559678232,0.7045303559678232,12,0.00031704086608483497,12.0,0.0,0.7214947392017059,-0.08927555690748656,0.0
bolivia_2001,Bolivia,Census 2001,2001,1942,1951,237440,5.874031334231806,13.555985918597933,0.5775855643570377,0.6268004442991938,0.9582126528105198,8,0.3272405660377358,10.060617760617761,0.032397408207343416,0.4126025147084293,7.681954584366127,0.47184527318809416
bosnia_herzegovina_1991,Bosnia-Herzegovina,Census 1991,1991,1932,1941,256933,3.1415660892139194,5.940999871370602,0.7571024176588581,0.7758603733418784,0.9414548240382713,8,0.055905625201900885,9.837231968810917,0.0056733965688721705,0.5641919688727907,2.7994337821566826,0.5325849614677861
brazil_2010,Brazil,Census 2010,2010,1951,1960,1018086,3.2937826470455343,6.7722352427905115,0.7674919415487416,0.7900800224119855,0.9843739001987556,8,0.07395642411348353,9.852976332775519,0.0,0.5510011831590385,3.4784525957449772,0.5662368214553548
bulgaria_2001,Bulgaria,Census 2001,2001,1942,1951,565261,1.902747580321303,0.7880372831895404,0.46577207002004267,0.46654356563705995,0.4775902232278637,8,0.0013020533877270853,9.0,0.0,0.7249522645863384,-1.1147102971317626,0.0
chile_2002,Chile,Census 2002,2002,1943,1952,708583,3.050023779853595,3.8637305958224974,0.6388346091005137,0.6444662713047237,0.7202743435371859,8,0.030731756195110524,9.086379500367377,0.024089831064051322,0.5725961021458456,0.8137068159689025,0.29575408476773074
colombia_2005,Colombia,Census 2005,2005,1946,1955,1631533,3.5665709536228776,7.27208198320295,0.7369335895809785,0.7560987408872143,0.9409803833840551,8,0.08687517840198782,9.659686172677198,0.04194411554698132,0.5295104870828783,3.7055110295800726,0.5397258100558874
costa_rica_2011,Costa Rica,Census 2011,2011,1952,1961,215390,3.423000139282232,4.762038408399228,0.627999934703884,0.6375137118345304,0.7529959042290787,8,0.05130228887134965,9.290497737556562,0.015134887974394147,0.5405010495351615,1.3390382691169957,0.3380567233888857
croatia_2011,Croatia,Census 2011,2011,1952,1961,318821,1.93997258649838,1.1849445154503822,0.5609283221128772,0.5611169844532069,0.5635638475428155,11,0.0003983426436778004,12.0,0.014902176465499128,0.7179632312867418,-0.7550280710479977,0.0
czech_republic_2001,Czech Republic,Census 2001,2001,1942,1951,763869,2.035228553587068,0.9832650357888228,0.4872134988802301,0.48721663851688196,0.4873098194303824,12,3.2728124848632425e-05,12.44,0.022252506647082157,0.7009602754422825,-1.051963517798245,0.0
dominican_republic_2010,Dominican Republic,Census 2010,2010,1951,1960,361750,3.8168624740843122,6.059809802627397,0.6279487930941313,0.6449454519854257,0.8126676611280327,8,0.07975120939875605,9.607279029462738,0.0,0.5118547571465399,2.2429473285430848,0.3923765329669216
ecuador_2010,Ecuador,Census 2010,2010,1951,1960,560190,3.977936057409093,7.590867530834528,0.6744106332079788,0.6926086456398818,0.8813117632711045,8,0.11128367161141756,9.5093038177735,0.016675735926556547,0.5013847276558673,3.6129314734254345,0.4778285161944221
el_salvador_2007,El Salvador,Census 2007,2007,1948,1957,221960,4.244458460983961,8.297454082347627,0.6554144239217079,0.6786567003326659,0.898479499586518,8,0.13844836907550911,9.625772860397007,0.0002252150804017837,0.48538779981420055,4.052995621363666,0.47431382090125884
estonia_2011,Estonia,Census 2011,2011,1952,1961,95682,1.9215003866976024,1.306153606785871,0.5944566906277547,0.5947804029747278,0.599133401361437,10,0.000710687485629481,11.0,0.007520200815293495,0.721406019659,-0.6153467799117314,0.0
finland_2015,Finland,Population Register 2015,2015,1956,1965,372020,1.9346406107198537,2.009915373394314,0.7258309745471118,0.7328052736014189,0.7855854955268456,8,0.004736304499758077,10.421112372304199,0.0,0.7189519235817975,0.07527476267446032,0.14181572760481662
germany_2012,Germany,Microcensus 2012,2012,1953,1962,5442000,1.673489525909592,1.338668157488565,0.6714516803726341,0.6913746760923175,1.2324053154426393,3,0.18155090040426314,3.4576214574898785,0.0,0.7730160313873276,-0.33482136842102705,0.0
greece_2011,Greece,Census 2011,2011,1952,1961,719762,1.931338414642618,1.2138522795752462,0.5690195579427494,0.5704591366988326,0.5909390677637585,8,0.00305934461669274,9.0,0.0,0.7195662919013732,-0.7174861350673718,0.0
haiti_2003,Haiti,Census 2003,2003,1944,1953,226890,4.975274362025651,11.791040174432315,0.6593165581920782,0.6901746832261171,0.9606248028742378,8,0.2357089338445943,9.698578908002991,0.03323533171417615,0.44832347772838144,6.815765812406664,0.5247353167872357
hungary_2011,Hungary,Census 2011,2011,1952,1961,756078,1.929496692140229,1.1187944510390953,0.5470930022153202,0.5481900057338269,0.56369329080466,8,0.0020672470300683262,9.07613563659629,0.0,0.7199096263442818,-0.8107022411011338,0.0
ireland_2011,Ireland,Census 2011,2011,1952,1961,256882,2.5153572457392888,3.0330498659522993,0.6899685659034944,0.6923729630334062,0.7263428536223772,8,0.010514555321120203,9.0,0.013449367088607595,0.6305218811478361,0.5176926202130105,0.2860462852991671
kosovo_2011,Kosovo,Census 2011,2011,1952,1961,75082,4.145081377693722,4.893111911680322,0.5189814354973524,0.5336536856183313,0.7186474399321767,7,0.13268160144908234,8.0,0.0018346184525392182,0.4911718509124486,0.7480305339865998,0.20865394567385537
macedonia_2002,Macedonia,Census 2002,2002,1943,1952,112346,2.4820643369590374,2.223757776626459,0.5968514631915245,0.6008010809619287,0.6548864054856954,8,0.013520730600110373,9.072416063199473,0.009172208209126348,0.6347365145400435,-0.25830656033257826,0.0
mexico_2010,Mexico,Census 2010,2010,1951,1960,4811443,3.9590041906347015,7.220961670552297,0.6577509651044706,0.6787526816130772,0.8752901009247533,8,0.103474570934333,9.672967609498214,0.008715740643259733,0.502582103012468,3.2619574799175957,0.45619779978481745
montenegro_2011,Montenegro,Census 2011,2011,1952,1961,42669,2.3768778269938364,2.116331051229145,0.6098224413960536,0.6120472384255489,0.6416960331945547,8,0.0059762356746115445,9.231372549019607,0.00832035698514886,0.6486293112672726,-0.2605467757646913,0.0
nicaragua_2005,Nicaragua,Census 2005,2005,1946,1955,143390,5.937652555966246,14.724054332386089,0.586864676846057,0.6462475722213067,0.9919717601661221,8,0.310202943022526,10.47009892086331,0.027732573908326553,0.4103860687127057,8.786401776419844,0.4992185886046947
panama_2010,Panama,Census 2010,2010,1951,1960,142000,3.486760563380282,6.298334848279197,0.7016432761249224,0.71976503860805,0.9005950002802368,8,0.08028169014084507,9.595614035087719,0.014641593227395739,0.5355363291128292,2.811574284898915,0.48089765127603107
paraguay_2002,Paraguay,Census 2002,2002,1943,1952,153268,5.0993084356239,13.68634953223777,0.6756295469151837,0.7254918401897609,1.0483998958597822,8,0.2444162513550571,10.310075464546076,0.018460770566359048,0.442837468358301,8.58704109661387,0.5746593658855099
peru_2007,Peru,Census 2007,2007,1948,1957,1010870,4.393888432736158,8.376690678186915,0.636723275836758,0.6586993183747035,0.8770025055837786,8,0.151048107076083,9.53408867640317,0.025967894239848913,0.47706272804237065,3.982802245450757,0.454198134672601
poland_2002,Poland,Fertility Survey 2002,2002,1943,1952,2416652,2.1676430863856275,1.8263568433507018,0.6234549008765767,0.6234549008765767,0.6234549008765767,20,0.0,,0.006860920370173263,0.6792131922284235,-0.3412862430349257,0.0
romania_2002,Romania,Census 2002,2002,1943,1952,131718,2.2883964226605324,2.621355358359482,0.707508544872204,0.707508544872204,0.707508544872204,16,0.00013665558238054024,16.0,0.0,0.6610500918496803,0.3329589356989495,0.2521529637595256
russia_2010,Russia,Census 2010,2010,1951,1960,11383155,1.8685356564151152,1.0757556906717634,0.5550210579758772,0.5550798169064605,0.5558937109393631,12,0.00013801094687720584,12.908338637810312,0.041331418661114554,0.7315589116668205,-0.7927799657433519,0.0
serbia_2011,Serbia,Census 2011,2011,1952,1961,572313,1.831352773744437,0.8358446975866793,0.4984805527855418,0.49921863136100675,0.5094155737854351,8,0.0010256625308179266,9.173764906303237,0.0,0.7389481985357204,-0.9955080761577577,0.0
slovakia_2011,Slovakia,Census 2011,2011,1952,1961,394717,2.0560477506669335,2.6178797537677854,0.7816712111184769,0.786940053455703,0.8226321513933322,12,0.004694502643666222,14.311926605504587,0.09126032068545312,0.6974023422655588,0.5618320031008519,0.36456086012540767
slovenia_2011,Slovenia,Census 2011,2011,1952,1961,150810,1.8778197732245872,0.8447364706679679,0.4890830517528609,0.4894481762362132,0.4947121991647042,8,0.0006299317021417678,9.0,0.0,0.7297482229565478,-1.0330833025566193,0.0
south_korea_2010,South Korea,Census 2010,2010,1951,1960,34346,2.1969370523496186,0.948754375412193,0.44336283186257425,0.44336283186257425,0.44336283186257425,13,0.0,,0.0,0.6746696801167753,-1.2481826769374256,0.0
spain_2011,Spain,Census 2011,2011,1952,1961,3003168,1.858764188243487,1.4206131388801784,0.6412296814807537,0.6412296814807537,0.6412296815016372,20,3.5536026871022897e-06,20.000001370478678,0.0,0.7334792828848411,-0.43815104936330873,0.0
switzerland_2000,Switzerland,Census 2000,2000,1941,1950,444660,1.8310979175100077,1.5146376512316637,0.6647757700399732,0.6721137891167419,0.7801915681028989,5,0.016446273557324698,6.0,0.0,0.7389996209640571,-0.316460266278344,0.0
uruguay_2011,Uruguay,Census 2011,2011,1952,1961,189618,2.5717336961680854,3.6326870124038786,0.7406185731403362,0.7411190818861572,0.7474042855888531,12,0.0024944889198282865,12.99154334038055,0.015309036901633726,0.62357256911742,1.0609533162357931,0.40051809519681025
venezuela_2001,Venezuela,Census 2001,2001,1942,1951,774230,4.405447993490307,9.490879999992035,0.6682365453278949,0.6992994109643162,0.9469948619098958,8,0.15394650168554563,9.888413457504825,0.01776131332225366,0.4764364287594721,5.085432006501729,0.5118867018452034
